{"P28koTshHNadiwyhAb/m/g==":"bright-v4.jpg","MHQzIHdOydr63ocHo66z5A==":"bright-v4.jpeg","1+jMZxGJ7SkQOIUQgBfzgw==":"mbr.jpg","Y5JajvUPfUJ/FX0tnQLw2w==":"mbr-1.jpg","0pj50ENwi655nzu8VDQ9cw==":"mbr-2.jpg","OJleyQJhTWH/mGKKni0j/w==":"mbr-3.jpg","c4MpmGfBmnvXWKi5CBXb5w==":"mbr-4.jpg","TGyx8CZ3qNSkZe7GaPnuqA==":"mbr-5.jpg","1lTVuwIuMTlOLY1Tkhc2lg==":"mbr-6.jpg","+ahFDhqB5FlVP8CY55APFA==":"mbr-7.jpg","DEt5DNTFWixWLodaGtui3A==":"logo.png","pUVm7ORC0S570kF0sUI3Ig==":"bright.png","tRUyPrnja2Ty1Li3fmairg==":"copy-of-bright.png","oRykAiO0rUD++7AmPeEwUg==":"background1.jpg","n1dx+NZv3qks526xC0hZ5Q==":"background13.jpg"}